{
	"class_name" : "PinholeCameraParameters",
	"extrinsic" : 
	[
		-0.10676209084852346,
		-0.74496258195906917,
		0.65850786437105591,
		0.0,
		-0.98972001185742453,
		0.016235077578564447,
		-0.14209405471362155,
		0.0,
		0.095163827616333865,
		-0.66690866971189944,
		-0.73903766627724288,
		0.0,
		-5.528146574304416,
		18.485547141024583,
		118.88469425885093,
		1.0
	],
	"intrinsic" : 
	{
		"height" : 1016,
		"intrinsic_matrix" : 
		[
			879.88181024498977,
			0.0,
			0.0,
			0.0,
			879.88181024498977,
			0.0,
			927.5,
			507.5,
			1.0
		],
		"width" : 1856
	},
	"version_major" : 1,
	"version_minor" : 0
}